timestamp(s),Difference (Hz)
0.1605868975321452,36768.5,40763.5,3995.0
0.3020553747812907,37906.5,41043.0,3136.5
0.44377004305521645,37824.5,41361.0,3536.5
0.5852779666582744,37655.5,41283.0,3627.5
0.7273735721906026,38347.0,40834.5,2487.5
0.8685707529385884,37922.5,41212.5,3290.0
timestamp(s),Difference (Hz)
0.259743591149648,37906.6,41164.2,3257.5999999999985
0.507057801882426,38262.6,41388.6,3126.0
0.7541900277137756,37474.6,41136.4,3661.800000000003
1.001462165514628,37233.0,41133.4,3900.4000000000015
1.252722410360972,37703.4,7983.6,29719.800000000003
1.5010068496068318,32744.6,40877.6,8133.0
1.7482910354932149,38844.2,41101.2,2257.0
1.9962360620498658,37846.8,40843.4,2996.5999999999985
2.243299186229706,36949.8,40691.6,3741.7999999999956
2.490244932969411,36447.4,40819.6,4372.199999999997
2.740287737051646,37588.6,36414.2,1174.4000000000015
2.9873346288998923,16699.6,19090.4,2390.800000000003
3.2355700810750325,15290.8,20083.8,4793.0
3.4827046036720275,14209.0,17714.8,3505.7999999999993
3.732671682039897,13270.0,17108.2,3838.2000000000007
3.979966374238332,9376.0,15216.4,5840.4
4.228359027703603,11444.6,12256.2,811.6000000000004
4.476174982388814,19997.2,36870.8,16873.600000000002
4.725839785734812,30024.2,39630.4,9606.2
timestamp(s),Difference (Hz)
0.27151445547739667,8595.6,38519.6,29924.0
0.5186030546824137,8239.8,38047.8,29808.000000000004
0.7655260721842448,8176.0,38632.2,30456.199999999997
1.014826508363088,7959.6,39060.6,31101.0
1.262030263741811,7980.0,39127.2,31147.199999999997
1.5093284527460733,7952.6,38969.2,31016.6
1.756475822130839,7726.0,38858.0,31132.0
2.0063614726066588,7959.6,38769.6,30810.0
2.2536306142807008,8058.6,38616.2,30557.6
2.5051988403002423,8079.8,26891.4,18811.600000000002
2.753252120812734,8988.0,15925.2,6937.200000000001
3.018035372098287,8327.4,18256.8,9929.4
3.2665342926979064,8348.4,16435.0,8086.6
3.514053213596344,8105.2,17254.4,9149.2
3.7629377524058025,8128.4,30883.6,22755.199999999997
4.011073672771454,9503.4,36620.2,27116.799999999996
4.258153510093689,8679.8,37202.0,28522.2
4.507907430330913,8676.4,38882.2,30205.799999999996
4.75513455470403,8182.2,38843.6,30661.399999999998
5.006501575311025,7463.8,39005.0,31541.2
5.255892674128215,8054.8,39318.0,31263.2
timestamp(s),Difference (Hz)
0.1280867338180542,8592.0,38295.0,29703.0
0.23413010040918986,7914.0,38048.0,30134.0
0.3397952834765116,7787.0,37862.0,30075.0
0.4457761605580648,7901.0,38115.0,30214.0
0.5520213564236959,7970.0,37865.0,29895.0
0.6584177454312642,7801.0,37917.0,30116.0
0.7642752726872762,7898.0,37451.0,29553.0
timestamp(s),Difference (Hz)
0.15186435381571453,1582.4,3832.0,2249.6
0.296305779616038,800.1,3935.8,3135.7000000000003
0.4381034056345622,792.6,3914.3,3121.7000000000003
0.5821492036183675,814.2,3902.4,3088.2
0.7231120665868124,795.5,3906.1,3110.6
0.8646020452181499,799.4,3958.2,3158.7999999999997
1.0061128616333008,776.7,3952.7,3176.0
1.1480945865313212,796.8,3900.0,3103.2
1.2898206512133281,778.3,3956.8,3178.5
1.4323518911997477,779.5,3938.3,3158.8
1.5736945549647012,796.3,3989.2,3192.8999999999996
1.71654527982076,745.2,3806.5,3061.3
1.8572795351346334,882.6,3841.2,2958.6
1.9994392116864523,860.5,3812.9,2952.4
2.1422585368156435,832.5,3814.9,2982.4
2.28578462600708,835.4,3898.1,3062.7
2.4267160058021546,801.1,3998.5,3197.4
2.567601907253265,780.6,3963.3,3182.7000000000003
2.714874303340912,820.6,4036.8,3216.2000000000003
2.8575374364852903,795.5,3944.1,3148.6
2.9985225478808086,796.5,3961.7,3165.2
3.142971968650818,796.5,3916.3,3119.8
3.2846087137858073,812.0,3900.0,3088.0
3.426262390613556,825.0,3937.2,3112.2
3.5686853726704917,803.9,3913.5,3109.6
3.712317399183909,805.5,3954.3,3148.8
3.8536016583442687,782.3,4016.1,3233.8
3.996816126505534,782.5,2924.7,2142.2
4.14026350180308,701.9,1329.1,627.1999999999999
4.283423662185669,582.6,1171.8,589.1999999999999
4.4271653135617575,723.3,2407.6,1684.3
4.567884075641632,878.1,3482.0,2603.9
4.709719701608022,880.6,3566.0,2685.4
4.854212546348572,803.4,3759.0,2955.6
4.997026797135671,746.3,3993.3,3247.0
5.141809729735057,732.0,4019.8,3287.8
5.284672458966573,713.4,4048.9,3335.5
5.426252893606821,719.1,4051.3,3332.2000000000003
5.5688616593678795,725.4,4033.8,3308.4
5.714188353220622,705.0,4045.4,3340.4
5.8600192626317344,724.1,4038.4,3314.3
6.003014584382375,726.1,4034.8,3308.7000000000003
6.149517297744751,738.1,4087.1,3349.0
6.29103254477183,725.5,4032.7,3307.2
6.432975872357686,837.4,4608.8,3771.4
6.5739411075909935,818.4,4546.2,3727.7999999999997
6.715927342573802,828.2,4576.6,3748.4000000000005
6.857531074682871,802.9,4581.9,3778.9999999999995
6.999756904443105,870.7,3835.6,2964.8999999999996
7.145492605368296,853.1,3573.0,2719.9
7.2856898188591,801.1,3797.7,2996.6
7.429027394453684,879.1,4312.9,3433.7999999999997
7.572862748305003,828.6,4415.3,3586.7000000000003
7.716389679908753,813.6,4433.3,3619.7000000000003
7.857772413889567,822.8,4435.9,3613.0999999999995
8.000463314851125,822.4,4411.7,3589.2999999999997
8.142528196175894,816.7,4434.4,3617.7
8.285762747128805,819.1,4477.6,3658.5000000000005
8.42566910982132,812.1,4264.0,3451.9
8.567179878552755,849.7,4245.1,3395.4000000000005
8.713259343306223,867.1,4436.8,3569.7000000000003
8.854990430672963,822.4,4407.0,3584.6
8.99785293340683,842.9,4393.8,3550.9
9.145140075683594,832.4,4384.6,3552.2000000000003
9.287315873305003,812.9,4391.4,3578.4999999999995
9.427483256657919,808.2,4440.5,3632.3
timestamp(s),Difference (Hz)
timestamp(s),Difference (Hz)
timestamp(s),Difference (Hz)
0.13731436332066854,2257.8,2572.1,-314.2999999999997
0.2790860851605733,3070.5,3203.8,-133.30000000000018
0.4211623032887777,2985.0,2731.1,253.9000000000001
0.5657898863156636,2479.6,2366.0,113.59999999999991
0.7072064280509949,2348.8,2158.6,190.20000000000027
0.8488438129425049,2384.9,2565.0,-180.0999999999999
0.9936259826024373,2981.7,3072.1,-90.40000000000009
1.1359140833218893,2943.0,2858.5,84.5
1.277473270893097,2725.5,2567.3,158.19999999999982
1.4190441370010376,2628.8,2457.3,171.5
1.5636284470558166,2370.2,2817.8,-447.60000000000036
1.7065685987472534,10553.6,2448.8,8104.8
1.851061499118805,4800.0,10211.0,-5411.0
1.999398684501648,11331.5,10773.7,557.7999999999993
2.142001231511434,12557.7,17095.9,-4538.200000000001
2.283916000525157,11042.1,10126.6,915.5
2.4276341676712034,11322.2,12985.7,-1663.5
2.571806208292643,118.8,1420.5,-1301.7
2.713548946380615,116.4,1348.1,-1231.6999999999998
2.856068511803945,53.9,55.9,-2.0
2.999993709723155,42.7,7227.5,-7184.8
3.1415737787882487,4.5,44.7,-40.2
3.285478397210439,37.1,4259.3,-4222.2
3.4278716325759886,908.0,3797.1,-2889.1
3.572911314169566,984.3,3868.8,-2884.5
3.7150418281555178,879.4,3711.0,-2831.6
3.8577231685320537,869.4,3579.2,-2709.7999999999997
4.000289344787598,889.7,3554.7,-2665.0
4.14190780321757,914.2,3579.8,-2665.6000000000004
4.284413023789724,916.1,3719.2,-2803.1
4.425387879212697,892.7,3640.1,-2747.3999999999996
4.569063047568004,1009.1,4729.4,-3720.2999999999997
4.71102571884791,1047.0,5858.0,-4811.0
4.854197601477305,1043.0,6073.6,-5030.6
4.999900190035502,1032.1,6314.6,-5282.5
timestamp(s),Difference (Hz)
0.13791343768437703,6236.9,4160.0,2076.8999999999996
0.281280259291331,6123.6,4071.9,2051.7000000000003
0.42256337801615396,6201.9,4092.0,2109.8999999999996
0.5648024519284566,6037.8,4080.8,1957.0
0.7080288529396057,6059.8,3957.1,2102.7000000000003
0.8497323314348857,5907.9,4070.6,1837.2999999999997
0.9917880455652873,5563.3,2567.6,2995.7000000000003
1.136585283279419,2463.1,1691.8,771.3
1.2784299890200297,2468.3,1562.9,905.4000000000001
1.4191068331400554,2237.5,1684.4,553.0999999999999
1.5621762037277223,2165.5,1510.4,655.0999999999999
1.7058784047762552,2174.5,1546.8,627.7
1.8496947288513184,2314.6,1597.9,716.6999999999998
1.9927839716275533,2900.0,2445.5,454.5
2.1354917724927267,4095.2,2823.2,1272.0
2.279004128774007,4411.0,3070.2,1340.8000000000002
2.419988477230072,4803.6,3229.6,1574.0000000000005
2.562635143597921,5051.5,3333.3,1718.1999999999998
2.7053388317426044,5055.4,3370.9,1684.4999999999995
2.8508089900016786,5111.8,3423.2,1688.6000000000004
2.9925798932711283,5160.5,3437.1,1723.4
3.13453631401062,5557.1,3969.3,1587.8000000000002
timestamp(s),Difference (Hz)
0.13735419511795044,6296.8,6624.3,-327.5
0.2830216646194458,6126.0,6654.6,-528.6000000000004
0.42527860005696616,6230.5,6648.6,-418.10000000000036
0.5674671292304992,6227.3,6595.0,-367.6999999999998
0.713079285621643,6083.2,6464.9,-381.6999999999998
0.8574808319409688,5765.1,6417.6,-652.5
1.0018424073855081,5611.1,4502.4,1108.7000000000007
1.1438947518666585,2464.0,2946.3,-482.3000000000002
1.285710914929708,2466.6,3356.0,-889.4000000000001
1.4276848316192627,2322.2,2979.1,-656.9000000000001
1.5701804161071777,2284.5,2939.2,-654.6999999999998
1.7136780222256978,2244.0,355.7,1888.3
1.8581958889961243,159.6,207.5,-47.900000000000006
2.0015708367029825,163.0,196.0,-33.0
2.1430145303408303,159.3,188.8,-29.5
2.2865336656570436,140.1,195.1,-55.0
2.4322314143180845,95.7,2667.6,-2571.9
2.5736160556475323,3083.1,4734.8,-1651.7000000000003
2.7146499872207643,4184.4,5447.0,-1262.6000000000004
2.857497048377991,4738.2,5688.7,-950.5
3.0004194299379985,4857.8,5741.1,-883.3000000000002
3.145369851589203,4939.0,5902.4,-963.3999999999996
timestamp(s),Difference (Hz)
0.137108314037323,5477.0,1008.3,4468.7
0.2827216068903605,6233.6,1010.7,5222.900000000001
0.42505118052164714,6355.7,1010.1,5345.599999999999
0.5671589930852254,6333.8,1036.7,5297.1
0.7107250730196635,6427.3,1036.8,5390.5
0.8567357182502746,3882.6,671.9,3210.7
0.9990349451700846,1655.1,564.3,1090.8
1.1435349702835083,2267.0,664.1,1602.9
1.2880661050478617,2171.3,575.6,1595.7000000000003
1.4296467502911885,1932.1,557.7,1374.3999999999999
1.5725680470466614,2137.0,569.7,1567.3
1.714391787846883,2142.2,576.5,1565.6999999999998
1.860282564163208,2045.6,666.8,1378.8
2.0037190914154053,2333.9,550.4,1783.5
2.1470214128494263,1739.0,567.8,1171.2
2.29194370508194,2177.6,1156.5,1021.0999999999999
2.434454886118571,6328.7,1065.6,5263.1
2.575835971037547,6463.7,1065.7,5398.0
2.717521595954895,6400.8,1084.7,5316.1
2.864755551020304,6657.8,1067.1,5590.700000000001
3.0104679067929587,6538.8,1067.6,5471.200000000001
3.1513176520665485,6611.3,1081.8,5529.5
3.2957422335942588,6428.4,1079.5,5348.9
3.4371506571769714,6600.7,1082.1,5518.6
3.57781378030777,6574.5,1052.1,5522.4
3.7225677529970804,6593.9,1067.6,5526.299999999999
3.865564175446828,6809.8,1054.4,5755.4
4.008497397104899,6839.9,1077.7,5762.2
4.152243522802989,7032.4,1027.4,6005.0
4.2978776017824805,7120.5,1044.4,6076.1
4.437599114576975,7023.1,1063.5,5959.6
4.58151273727417,6959.3,1072.4,5886.9
4.724616913000743,6988.1,1077.1,5911.0
4.865602966149648,7147.4,1061.0,6086.4
5.012082099914551,7126.2,1069.0,6057.2
5.155032404263815,7071.5,1045.4,6026.1
5.297576447327931,7304.1,1040.5,6263.6
5.445988996823629,7392.4,1045.7,6346.7
5.587411018212636,7407.6,1061.1,6346.5
5.729862980047861,7391.2,1042.4,6348.799999999999
5.873708669344584,7374.8,1062.1,6312.700000000001
6.0184518694877625,7339.5,1053.7,6285.8
6.161322506268819,7194.7,1047.4,6147.299999999999
6.305641488234202,7206.9,1040.3,6166.599999999999
6.449286743005117,7422.1,1048.9,6373.200000000001
6.591320991516113,7455.0,1058.0,6397.0
6.7345641930898035,7469.7,1048.3,6421.4
6.876849901676178,7499.8,1060.9,6438.9
7.022807852427165,7573.4,1070.5,6502.9
7.166558289527893,7452.8,1039.4,6413.4
7.310402007897695,7447.1,1036.3,6410.8
7.452544860045115,7490.6,1041.2,6449.400000000001
7.5952863971392315,7521.9,1052.4,6469.5
7.739796312650045,7570.9,1049.1,6521.799999999999
7.883203979333242,7586.8,1046.8,6540.0
8.025735457738241,7548.8,1067.0,6481.8
8.168420835336049,7533.2,1062.3,6470.9
8.309500002861023,7554.1,1048.1,6506.0
8.451829500993092,7514.0,1046.9,6467.1
8.592602642377217,7602.7,1050.7,6552.0
8.736511174837748,7591.2,1075.4,6515.799999999999
8.878397293885548,7728.8,1046.9,6681.9
9.021823990345002,7652.8,1059.5,6593.3
9.163931242624919,7607.7,1058.9,6548.799999999999
9.305892944335938,7566.3,1062.5,6503.8
9.451495393117268,7648.3,1065.3,6583.0
9.592539683977764,7666.7,1048.8,6617.9
9.733592836062114,7669.0,1066.3,6602.7
9.876463496685028,7737.0,1068.1,6668.9
10.019569007555644,7674.8,1070.3,6604.5
10.159755881627401,7668.5,1060.6,6607.9
10.301829493045807,7728.9,1040.0,6688.9
10.444754882653553,7648.2,1049.8,6598.4
10.586684354146321,7606.4,1057.1,6549.299999999999
10.729128527641297,7603.9,1056.3,6547.599999999999
10.870546420415243,7533.8,1059.7,6474.1
11.015477816263834,7583.4,1053.5,6529.9
11.157890975475311,7640.8,1077.7,6563.1
11.298538029193878,7654.7,1063.6,6591.1
11.44469879468282,7750.9,1073.3,6677.599999999999
11.589168405532837,7650.9,1085.1,6565.799999999999
11.732532588640849,7595.1,1068.8,6526.3
11.87495585680008,7550.8,1057.1,6493.700000000001
12.016534407933554,7579.1,1059.4,6519.700000000001
12.158377997080485,7544.3,1056.9,6487.4
12.301704533894856,7576.7,1077.1,6499.6
12.445761756102245,7640.0,1064.5,6575.5
12.587668947378795,7723.8,1081.2,6642.6
12.73282161951065,7638.2,1065.4,6572.799999999999
12.873804406325023,7666.8,1064.8,6602.0
13.017892376581829,7705.2,1060.0,6645.2
13.158011825879415,7705.1,1071.1,6634.0
13.30068431297938,7797.5,1070.3,6727.2
13.444182777404786,7758.8,1074.9,6683.9
13.585388211409251,7902.2,1063.1,6839.1
13.726599856217701,7792.2,1062.7,6729.5
13.868482919534047,7845.3,1079.2,6766.1
14.012746230761211,4348.9,1170.8,3178.0999999999995
14.155221470197041,6852.0,1100.0,5752.0
14.302830803394318,8093.8,1090.4,7003.4
14.445608735084534,7875.4,1040.4,6835.0
14.58615412314733,6410.7,944.3,5466.4
14.728932281335195,5656.7,977.4,4679.3
14.869680070877076,5832.7,928.0,4904.7
15.013509571552277,7237.6,1133.6,6104.0
15.154793695608776,3638.2,420.0,3218.2
15.296927690505981,2064.1,1338.4,725.6999999999998
15.440122516949971,5909.0,1107.7,4801.3
15.582537202040355,6649.5,1100.0,5549.5
15.724325370788574,7546.7,1112.7,6434.0
15.866809658209483,7991.5,1111.7,6879.8
16.008726700146994,8788.7,1120.6,7668.1
16.150043698151908,8895.6,1137.5,7758.1
16.29217177629471,8882.7,1146.9,7735.800000000001
16.43441007534663,8527.0,1130.4,7396.6
16.576237348715463,8692.6,1129.9,7562.700000000001
16.718016278743743,8898.4,1150.6,7747.799999999999
16.86106202999751,8855.0,1134.4,7720.6
17.00355361700058,8890.6,1139.3,7751.3
17.14589200417201,9015.0,1122.9,7892.1
17.290869156519573,9028.2,1145.4,7882.800000000001
17.434580127398174,9053.6,1165.8,7887.8
17.57579577366511,8955.2,1138.8,7816.400000000001
17.72028494675954,8913.7,1139.1,7774.6
17.86390898625056,9052.6,1055.4,7997.200000000001
18.007880707581837,3876.2,895.1,2981.1
18.150607136885323,5701.6,1133.2,4568.400000000001
18.29494563738505,7133.1,1114.6,6018.5
18.43868097861608,7334.4,1105.9,6228.5
18.58080501159032,7591.8,1116.3,6475.5
18.722186064720155,7799.0,1110.9,6688.1
18.8642684618632,8319.7,1114.1,7205.6
19.006462148825328,8419.8,1120.9,7298.9
19.147725212574006,8382.9,1087.1,7295.799999999999
19.293086981773378,8518.8,1093.0,7425.799999999999
19.435640716552733,8544.5,1113.4,7431.1
19.576577444871265,8386.9,1068.1,7318.799999999999
19.718131403128307,8339.9,1083.4,7256.5
19.860253584384918,8428.8,1099.4,7329.4
20.00295133590698,8455.5,1104.6,7350.9
20.145138855775198,8496.5,1102.6,7393.9
20.288114432493845,8490.5,1083.3,7407.2
20.429020829995473,8535.4,1125.6,7409.799999999999
20.571612242857615,8557.8,1101.5,7456.299999999999
20.71368746360143,8499.2,1105.8,7393.400000000001
20.85784583091736,8483.8,1097.0,7386.799999999999
20.999741915861765,8588.7,1091.0,7497.700000000001
21.140442101160684,8620.1,1091.2,7528.900000000001
21.28443386952082,8578.6,1106.9,7471.700000000001
21.42725244363149,8527.1,1105.4,7421.700000000001
21.57121016581853,8600.3,1090.7,7509.599999999999
21.713391534487407,8450.7,1161.0,7289.700000000001
21.857520612080894,8564.5,1130.5,7434.0
21.999758235613506,8224.3,1112.1,7112.199999999999
22.144714311758676,8805.9,1126.3,7679.599999999999
22.28705003261566,8858.9,1142.6,7716.299999999999
22.428616106510162,8926.9,1143.7,7783.2
22.56923781236013,8861.0,1133.3,7727.7
22.710641928513844,8995.1,1124.6,7870.5
22.85570166508357,8985.8,1121.4,7864.4
22.996854372819264,9031.9,1130.1,7901.799999999999
23.13957651456197,9096.4,1120.7,7975.7
23.285475373268127,8944.2,1117.3,7826.900000000001
23.42724480628967,8969.1,1127.6,7841.5
23.568981989224753,9016.1,1133.3,7882.8
23.71253771384557,9060.1,1139.8,7920.3
23.857294261455536,9302.7,1143.4,8159.300000000001
24.00020186106364,9203.2,1145.3,8057.900000000001
24.141906336943308,9172.6,1113.8,8058.8
24.28738469282786,8841.3,1163.7,7677.599999999999
24.429193409283958,9116.9,1149.3,7967.599999999999
24.572310507297516,9195.4,1167.5,8027.9
24.715653224786124,9162.6,1147.9,8014.700000000001
24.860629200935364,8962.4,1131.5,7830.9
25.005186061064403,8992.4,1132.1,7860.299999999999
25.146450066566466,8903.3,1120.7,7782.599999999999
25.293525914351147,8800.1,1125.9,7674.200000000001
25.43649073044459,8838.3,1139.8,7698.499999999999
25.578452789783476,8923.6,1144.4,7779.200000000001
25.721089764436087,8898.1,1118.1,7780.0
25.866914614041647,8877.9,1133.5,7744.4
26.010370854536692,8921.1,1119.5,7801.6
26.15273724794388,8897.0,1134.6,7762.4
26.2966873327891,8916.6,1116.6,7800.0
26.440186631679534,8925.1,1141.6,7783.5
26.581700762112934,8849.6,1127.4,7722.200000000001
26.723011501630147,8938.6,1125.0,7813.6
26.869422924518584,8938.0,1141.2,7796.8
27.011772497495016,8985.0,1122.8,7862.2
27.154530866940817,8907.5,1114.5,7793.0
27.29880036910375,8860.2,1120.6,7739.6
27.44299658536911,8880.8,1125.0,7755.799999999999
27.584049944082896,8920.8,1128.2,7792.599999999999
27.725318360328675,8898.7,1142.1,7756.6
27.86812677780787,8893.7,1123.4,7770.300000000001
28.012386524677275,8906.1,1134.8,7771.3
28.154214866956075,8925.8,1174.2,7751.599999999999
28.29844318230947,9443.6,1138.1,8305.5
28.44071780840556,8969.1,1132.9,7836.200000000001
28.58262343009313,8938.1,1139.4,7798.700000000001
28.724477366606394,8890.2,1140.2,7750.000000000001
28.867210133870444,8931.5,1125.3,7806.2
29.011717597643536,8941.3,1129.2,7812.099999999999
29.154455975691477,8952.9,1134.0,7818.9
29.295452988147737,8974.7,1131.4,7843.300000000001
29.437720239162445,8933.6,1123.6,7810.0
29.57923082113266,8982.9,1137.2,7845.7
29.72005559206009,8935.5,1127.9,7807.6
29.862854234377544,8969.1,1110.5,7858.6
30.006080301602683,8982.1,1119.9,7862.200000000001
30.146863436698915,8995.8,1143.1,7852.699999999999
30.290026676654815,8999.7,1118.7,7881.000000000001
30.433945564428964,8957.1,1154.7,7802.400000000001
30.57627408107122,9036.7,1140.4,7896.300000000001
30.717021262645723,9011.6,1135.4,7876.200000000001
30.8617263396581,9006.8,1145.2,7861.599999999999
31.00396727323532,9072.1,1131.1,7941.0
31.146822241942086,8968.9,1119.2,7849.7
31.290225342909494,8987.1,1130.3,7856.8
31.432421016693116,9028.2,1138.1,7890.1
31.57336413860321,9043.5,1132.8,7910.7
31.718000853061675,9056.2,1143.7,7912.500000000001
31.859764067331948,9034.3,1153.3,7880.999999999999
32.000513823827106,9022.8,1141.8,7880.999999999999
32.144796180725095,9018.5,1152.5,7866.0
32.289408143361406,9025.6,1112.9,7912.700000000001
32.43062858581543,9071.4,1142.3,7929.099999999999
32.574202919006346,9007.0,1152.5,7854.5
32.71629152695338,9004.3,1123.7,7880.599999999999
32.86054888566335,9021.8,1137.5,7884.299999999999
33.002593723932904,9047.5,1135.6,7911.9
33.14524669647217,9065.4,1134.0,7931.4
33.28827846844991,9026.6,1127.1,7899.5
33.430188981692,9022.6,1142.5,7880.1
33.57120169798533,9045.3,1121.2,7924.099999999999
33.71384680668513,8992.1,1132.8,7859.3
33.85835821628571,9044.0,1139.3,7904.7
34.00110816558202,9059.5,1132.6,7926.9
34.14231909910838,9102.9,1159.7,7943.2
34.28840930461884,9095.0,1153.1,7941.9
34.431367778778075,9126.3,1130.4,7995.9
34.57372504075368,9089.4,1130.2,7959.2
34.71810702880224,9110.2,1139.5,7970.700000000001
34.86131095488866,9064.7,1127.5,7937.200000000001
35.002814733982085,9074.6,1133.6,7941.0
35.14591218630473,9079.5,1130.9,7948.6
35.29171990553538,9053.0,1148.9,7904.1
35.43228302001953,9070.4,1145.8,7924.599999999999
35.576521428426105,9107.6,1135.4,7972.200000000001
35.71790899038315,9086.0,1136.6,7949.4
35.86154831647873,9072.0,1124.6,7947.4
36.004688107967375,9127.2,1124.3,8002.900000000001
36.148371835549675,9207.9,1142.3,8065.599999999999
36.29153868357341,9049.1,1143.9,7905.200000000001
36.43555314540863,9076.0,1166.4,7909.6
36.57694420814514,9113.2,1138.9,7974.300000000001
36.71931698322296,9099.0,1125.7,7973.3
36.864591304461165,9080.0,1130.1,7949.9
37.006455167134604,9106.4,1124.3,7982.099999999999
37.14754290183385,9149.4,1122.9,8026.5
37.29196281433106,9079.2,1147.6,7931.6
37.43788949648539,9123.8,1139.4,7984.4
37.5789878487587,9157.4,1151.0,8006.4
37.72265113592148,9181.0,1137.6,8043.4
37.866711155573526,9160.5,1139.6,8020.9
38.00952168305715,9122.1,1163.6,7958.5
38.15085429747899,9103.7,1151.2,7952.500000000001
38.293981568018594,9151.1,1121.1,8030.0
38.43555548588435,9134.5,1151.0,7983.5
38.5786563316981,9190.5,1144.2,8046.3
38.72109996875127,9154.4,1146.5,8007.9
38.862723024686176,9162.0,1142.6,8019.4
39.00412269035975,9158.3,1144.2,8014.099999999999
39.147262779871625,9145.5,1141.1,8004.4
39.29072557687759,9145.2,1132.6,8012.6
39.43222142855326,9135.9,1140.4,7995.5
39.57547120253245,9150.4,1138.5,8011.9
39.71852127313614,9218.2,1142.9,8075.300000000001
39.86083598534266,9206.5,1150.3,8056.2
40.0022253036499,9169.9,1116.3,8053.599999999999
40.144485791524254,9145.2,1131.0,8014.200000000001
40.28781289259593,9264.5,1149.4,8115.1
40.43062579234441,9196.2,1126.4,8069.800000000001
40.571426200866696,9192.7,1139.2,8053.500000000001
40.71433247725169,9201.4,1128.9,8072.5
40.85870128075282,9172.7,1127.4,8045.300000000001
41.00296435753504,9164.9,1125.4,8039.5
41.146868697802226,9208.9,1115.4,8093.5
41.29103914101918,9165.0,1127.4,8037.6
41.433225870132446,9153.8,1135.6,8018.199999999999
41.57509359518687,9201.3,1145.6,8055.699999999999
41.719127472241716,8494.7,1165.0,7329.700000000001
41.86170145670573,9245.5,1165.1,8080.4
42.00361060698827,9301.0,1155.1,8145.9
42.14462437232336,9211.5,1162.0,8049.5
42.28836760918299,9277.5,1150.5,8127.0
42.429787985483806,9284.3,1136.8,8147.499999999999
42.570956055323286,9278.3,1160.9,8117.4
42.712816500663756,9300.0,1170.3,8129.7
42.8567468325297,9282.3,1155.7,8126.599999999999
43.00090219974518,9277.8,1141.9,8135.9
43.14140250285467,9298.3,1165.7,8132.599999999999
43.284357066949205,9263.0,1131.1,8131.9
43.42486625909805,9315.1,1160.5,8154.6
43.566174284617105,9301.4,1133.7,8167.7
43.70970259507497,9292.2,1185.3,8106.900000000001
43.85493988990784,9376.6,1164.1,8212.5
43.99727032581965,9258.8,1152.1,8106.699999999999
44.142576475938164,9384.6,1158.7,8225.9
44.290113405386606,9247.8,1157.0,8090.799999999999
44.43209646940231,9298.8,1164.4,8134.4
44.573601333300275,9331.5,1149.2,8182.3
44.71627776225408,9389.9,1167.9,8222.0
44.86013222138087,9339.4,1152.3,8187.099999999999
45.00117361545563,9305.3,1147.2,8158.099999999999
45.14481593370438,9316.4,1159.0,8157.4
45.28759070634842,9313.2,1142.5,8170.700000000001
45.42900237242381,9339.0,1171.2,8167.8
45.571577612559004,9319.6,1170.2,8149.400000000001
45.71217652956645,9357.9,1161.0,8196.9
45.858643770217896,9350.5,1168.0,8182.5
45.99971492290497,9296.0,1161.3,8134.7
46.14391010204951,9334.5,1169.7,8164.8
46.28820509910584,9326.3,1153.2,8173.099999999999
46.43259539206823,9353.0,1159.4,8193.6
46.574854358037314,9322.4,1164.6,8157.799999999999
46.716891809304556,9351.4,1168.1,8183.299999999999
46.864537302653,9394.8,1154.9,8239.9
47.00854319731395,9348.4,1151.7,8196.699999999999
47.153181938330334,9329.5,1147.6,8181.9
47.294372228781384,9371.6,1148.6,8223.0
47.43497275114059,9377.8,1157.5,8220.3
47.581133127212524,9391.8,1171.0,8220.8
47.72537980477015,9334.7,1165.8,8168.900000000001
47.865777134895325,9381.3,1169.5,8211.8
48.00703885157903,9325.8,1173.2,8152.599999999999
48.15184098482132,9379.3,1163.5,8215.8
48.29539171059926,9371.9,1144.2,8227.699999999999
48.436370833714804,9389.8,1144.7,8245.099999999999
48.57853808403015,9379.3,1166.3,8213.0
48.72102114756902,9419.1,1156.8,8262.300000000001
48.86539157629013,9414.3,1145.1,8269.199999999999
49.00948558251063,9447.5,1158.0,8289.5
49.15232725143433,9372.1,1163.5,8208.6
49.29461321433385,9391.7,1169.3,8222.400000000001
49.44048188924789,9390.6,1162.9,8227.7
49.581066524982454,9352.9,1162.1,8190.799999999999
49.72430103619893,9372.3,1162.1,8210.199999999999
49.86596804857254,9390.0,1175.6,8214.4
50.00859566529592,9427.6,1164.3,8263.300000000001
50.150699245929715,9391.1,1153.1,8238.0
50.29602131843567,9448.5,1166.6,8281.9
50.43870800336202,9440.2,1137.6,8302.6
50.57946773370107,9395.3,1170.9,8224.4
50.72328169345856,9328.4,1181.1,8147.299999999999
50.864710938930514,9383.4,1160.6,8222.8
51.00668731927872,9445.2,1160.6,8284.6
51.15029562711716,9388.7,1140.3,8248.400000000001
51.29424312909444,9406.4,1158.8,8247.6
51.43905919790268,9398.3,1139.1,8259.199999999999
51.58187902768453,9439.4,1155.3,8284.1
51.72418870528539,9436.5,1138.5,8298.0
51.86579407850901,9392.0,1164.3,8227.7
52.00767477353414,9381.3,1153.6,8227.699999999999
52.14850533803304,9386.4,1168.2,8218.199999999999
52.293537398179375,9447.3,1155.7,8291.599999999999
52.435366268952684,9455.5,1149.6,8305.9
52.57727714776993,9438.5,1162.1,8276.4
52.71946618159612,9442.1,1184.6,8257.5
52.86184004545212,9488.1,1172.6,8315.5
53.00622880061467,9420.8,1145.3,8275.5
53.14758495092392,9448.7,1151.7,8297.0
53.292043602466585,9381.4,1155.4,8226.0
53.435427419344585,9435.2,1160.2,8275.0
53.57675199111303,9415.5,1168.5,8247.0
53.71766837835312,9473.3,1145.1,8328.199999999999
53.86197629769643,9480.1,1160.1,8320.0
54.00394023259481,9445.9,1154.9,8291.0
54.14633176326752,9439.4,1159.4,8280.0
54.29102041721344,9406.1,1158.5,8247.6
54.436567103862764,9384.0,1169.6,8214.4
54.57938927809398,9460.5,1175.6,8284.9
54.72048647403717,9635.2,1131.4,8503.800000000001
54.866632997989655,9424.9,1154.8,8270.1
55.00946641763051,9767.8,1205.4,8562.4
55.15320514837901,10911.9,1273.6,9638.3
55.295587142308555,9633.6,1164.2,8469.4
55.435963638623555,9625.3,1179.3,8446.0
55.5792529741923,9588.4,1181.3,8407.1
55.71977680126826,9559.1,1158.1,8401.0
55.862374834219615,9667.2,1173.0,8494.2
56.00953928232193,9606.4,1180.7,8425.699999999999
56.15291532278061,9643.0,1159.8,8483.2
56.29565358559291,9618.9,1171.8,8447.1
56.44522187312444,9575.9,1156.9,8419.0
56.58587163686752,9595.6,1154.5,8441.1
56.7271355509758,9583.2,1167.7,8415.5
56.87666552066803,9626.2,1164.3,8461.900000000001
57.01961854298909,9619.5,1167.8,8451.7
57.163754880428314,9654.6,1175.5,8479.1
57.30641262133916,9586.5,1159.0,8427.5
57.45015160640081,9608.4,1180.1,8428.3
57.593292423089345,9688.0,1170.5,8517.5
57.736705986658734,9601.5,1166.1,8435.4
57.8790843129158,9681.3,1189.0,8492.3
58.020407140254974,9615.6,1177.5,8438.1
58.162909452120466,9710.7,1152.8,8557.900000000001
58.303741586208346,9633.8,1181.6,8452.199999999999
58.44803252220154,9619.0,1151.5,8467.5
58.59161908229192,9597.6,1181.9,8415.7
58.73472596009572,9639.2,1171.0,8468.2
58.8758047302564,9679.8,1168.3,8511.5
59.01978246768316,9639.7,1161.0,8478.7
59.162020818392435,9620.1,1187.0,8433.1
59.303015124797824,9702.8,1168.9,8533.9
59.449818114439644,9667.8,1181.2,8486.599999999999
59.592123822371164,9610.2,1153.2,8457.0
59.73357743422191,9628.5,1158.0,8470.5
59.87737990220388,9626.1,1142.3,8483.800000000001
60.020958824952444,9608.9,1175.4,8433.5
60.16296465794245,9590.6,1177.7,8412.9
60.30481865406036,9653.3,1170.7,8482.599999999999
60.44718220631282,9642.0,1159.9,8482.1
60.58789182901383,9650.9,1178.5,8472.4
60.73149310350418,9652.5,1179.6,8472.9
60.873058489958446,9638.9,1168.0,8470.9
61.01449710528056,9634.5,1158.8,8475.7
61.15764167308807,9659.2,1178.7,8480.5
61.298814392089845,9649.3,1159.2,8490.099999999999
61.44121348460515,9695.3,1182.4,8512.9
61.58672427733739,9652.0,1178.7,8473.3
61.728940069675446,9654.6,1169.3,8485.300000000001
61.871645021438596,9686.1,1166.3,8519.800000000001
62.01523428757985,9684.9,1161.9,8523.0
62.155273648103076,9629.5,1156.9,8472.6
62.299226546287535,9629.4,1157.8,8471.6
62.44105868736903,9677.4,1179.8,8497.6
62.582423663139345,9688.6,1170.6,8518.0
62.726264643669126,9678.9,1169.1,8509.8
62.8680383404096,9662.7,1187.2,8475.5
63.01238854726156,9716.8,1182.4,8534.4
63.15274319648743,9691.5,1167.2,8524.3
63.297139743963875,9717.6,1158.4,8559.2
63.4432781457901,9692.1,1149.9,8542.2
63.58677336374919,9666.3,1171.9,8494.4
63.731247560183206,9682.6,1181.0,8501.6
63.875055746237436,9694.3,1168.9,8525.4
64.02015558878581,9727.5,1175.9,8551.6
64.16177877585093,9683.6,1161.8,8521.800000000001
64.30591172774633,9746.7,1167.5,8579.2
64.45148291190465,9776.5,1179.5,8597.0
64.59511115550995,9718.3,1172.8,8545.5
64.73770613272985,9720.8,1157.6,8563.199999999999
64.88021648327509,9699.4,1182.4,8517.0
65.02334584792455,9716.0,1184.9,8531.1
65.16786105235418,9710.5,1161.8,8548.7
65.31020482381184,9663.3,1166.7,8496.599999999999
65.45456062157949,9801.9,1175.6,8626.3
65.5992025812467,9766.8,1156.3,8610.5
65.74035418828329,9705.5,1178.2,8527.3
65.88438464005789,9753.9,1181.5,8572.4
66.03679187695185,9725.8,1182.1,8543.699999999999
66.18039815823236,9726.9,1165.9,8561.0
66.3235648949941,9732.1,1166.1,8566.0
66.46474996407827,9676.7,1176.4,8500.300000000001
66.6087756117185,9775.9,1169.6,8606.3
66.75101315577825,9722.9,1171.5,8551.4
66.89198227326075,9735.9,1176.3,8559.6
67.03438910245896,9745.1,1160.5,8584.6
67.17835022211075,9770.0,1150.1,8619.9
67.32295969724655,9726.6,1170.5,8556.1
67.46498765150706,9724.3,1178.0,8546.3
67.60658014218012,9703.3,1192.1,8511.199999999999
67.75437087217966,9760.7,1163.1,8597.6
67.89822515646617,9771.4,1160.1,8611.3
68.04304020404815,9768.4,1174.7,8593.699999999999
68.18526246945063,9735.6,1191.5,8544.1
68.32919923464458,9784.6,1176.1,8608.5
68.47302060524622,9742.3,1169.4,8572.9
68.62025073369344,9737.0,1176.8,8560.2
68.77716918389002,9716.0,1174.4,8541.6
68.92003639539082,9727.0,1167.9,8559.1
69.06626000404358,9776.4,1173.6,8602.8
69.21005818446477,9768.2,1175.2,8593.0
69.35770242214203,9777.6,1153.7,8623.9
69.50176042318344,9791.3,1186.7,8604.599999999999
69.64579919576644,9721.7,1163.4,8558.300000000001
69.79017609755198,9737.2,1175.3,8561.900000000001
69.93836051623026,9764.7,1165.0,8599.7
70.08387179374695,9768.5,1180.9,8587.6
70.22900582154593,9813.0,1169.2,8643.8
70.37230543295543,9712.1,1172.3,8539.800000000001
70.51841655174891,9811.1,1177.8,8633.300000000001
70.66265997489293,9822.3,1162.7,8659.599999999999
70.80983744859695,9837.9,1162.1,8675.8
70.96018125216166,9814.7,1171.2,8643.5
71.10721335411071,9836.3,1182.8,8653.5
71.25473968982696,9839.3,1171.5,8667.8
71.39997005065283,9795.3,1180.3,8615.0
71.54481183290481,9831.1,1164.2,8666.9
71.71364435752233,9770.6,1170.7,8599.9
71.86413820584615,9749.0,1171.2,8577.8
72.00957702795664,9813.5,1193.4,8620.1
72.15390685796737,9774.6,1191.4,8583.2
72.29743653933207,9808.4,1185.5,8622.9
72.4450300137202,9868.8,1173.8,8695.0
72.58787333965302,9827.6,1191.8,8635.800000000001
72.73096350034078,9840.4,1159.4,8681.0
72.87753572861354,9785.0,1183.7,8601.3
73.02329360246658,9798.7,1181.9,8616.800000000001
73.16568797429403,9782.3,1184.6,8597.699999999999
73.31163956721623,9812.3,1194.0,8618.3
73.45594114462534,9773.4,1190.8,8582.6
73.60163144667943,9817.6,1169.2,8648.4
73.74553559223811,9813.2,1177.8,8635.400000000001
73.88993668556213,9900.3,1159.1,8741.199999999999
74.03460696140925,9814.8,1177.6,8637.199999999999
74.18134722312291,9804.1,1172.7,8631.4
74.32599269151687,9794.7,1163.6,8631.1
74.47021890878678,9829.7,1169.7,8660.0
74.61524246136348,9811.6,1166.4,8645.2
74.75989630222321,9828.1,1178.9,8649.2
74.9041100859642,9829.9,1186.4,8643.5
75.05082246859868,9822.6,1180.9,8641.7
75.19880887667338,9853.6,1173.0,8680.6
75.34446991284689,9793.0,1173.4,8619.6
75.48963387012482,9816.9,1190.3,8626.6
75.63560556570688,9814.3,1181.2,8633.099999999999
75.78433688084284,9868.4,1188.6,8679.8
75.93335324923197,9819.0,1188.1,8630.9
76.07820450862249,9797.1,1164.2,8632.9
76.22380957603454,9821.2,1178.1,8643.1
76.37076944907507,9867.5,1175.5,8692.0
76.51614916324615,9854.7,1177.0,8677.7
76.66100318431855,9777.4,1155.0,8622.4
76.81034992138545,9855.9,1167.5,8688.4
76.9589744369189,9741.7,1187.2,8554.5
77.10491627454758,9853.9,1181.8,8672.1
77.2538866798083,9895.2,1179.7,8715.5
77.39970572392146,9875.6,1184.4,8691.2
77.54781608978907,9773.9,1174.0,8599.9
77.69631198644637,9836.7,1179.0,8657.7
77.84762901067734,9841.8,1167.8,8674.0
77.99548294941584,9903.0,1181.2,8721.8
78.15082311232885,9946.5,1177.8,8768.7
78.3112892071406,9880.1,1178.4,8701.7
78.45858040253322,9808.4,1199.4,8609.0
78.60814398129781,9841.4,1179.3,8662.1
78.752466070652,9873.9,1183.6,8690.3
78.89997078975041,9788.1,1170.2,8617.9
79.049882487456,9857.5,1189.6,8667.9
79.19885487556458,9855.5,1193.8,8661.7
79.34980412324269,9917.2,1193.1,8724.1
79.49472510417303,9886.3,1185.3,8701.0
79.64628405968348,9879.1,1175.9,8703.2
79.79355819225312,9873.3,1170.6,8702.699999999999
79.9403920173645,9856.3,1185.8,8670.5
80.08780804475148,9860.9,1175.5,8685.4
80.23387863636017,9813.7,1160.5,8653.2
80.3807769060135,9860.5,1186.4,8674.1
80.52897223234177,9848.5,1173.5,8675.0
80.67953803539277,9961.1,1171.6,8789.5
80.82689227660497,9865.8,1157.1,8708.699999999999
80.97325544754663,9873.8,1181.7,8692.099999999999
81.12047076622645,9822.1,1172.0,8650.1
81.27339203755061,9932.2,1166.1,8766.1
81.42010078032811,9847.8,1184.8,8663.0
81.56535455783208,9871.1,1179.8,8691.300000000001
81.71334371169408,9934.6,1168.0,8766.6
81.8588921070099,9937.6,1176.4,8761.2
82.00341093937556,9947.0,1187.6,8759.4
82.1499964316686,9934.6,1173.6,8761.0
82.29859430789948,9860.2,1179.8,8680.400000000001
82.4478644768397,9849.4,1258.0,8591.4
82.59691691001257,4854.8,1050.7,3804.1000000000004
82.74468037684758,7573.6,1102.7,6470.900000000001
82.89318187236786,8925.5,1061.0,7864.5
83.0393038948377,8838.8,1067.2,7771.599999999999
83.18714826504389,8875.2,1063.5,7811.700000000001
83.33444687525432,8927.3,1077.3,7849.999999999999
83.48155997991562,8952.2,1072.1,7880.1
83.62988523642223,8879.8,1113.7,7766.099999999999
83.77878051201502,8666.7,1034.9,7631.800000000001
83.92904416720073,8645.0,1037.5,7607.5
84.07966634035111,9508.4,1073.6,8434.8
84.23090256055197,9330.0,1056.0,8274.0
84.37879759867987,9279.9,1044.3,8235.6
84.53011968930562,9038.5,1057.3,7981.2
84.68328098853429,9385.6,1084.2,8301.4
84.83402117093404,9229.5,1100.4,8129.1
84.98508177200954,9205.1,1115.9,8089.200000000001
85.13494324286779,9077.1,1182.1,7895.0
85.28712889750798,2564.3,506.6,2057.7000000000003
85.43704357941945,2131.2,529.5,1601.6999999999998
85.58451432784399,2446.3,500.6,1945.7000000000003
85.73425251642863,2728.4,550.8,2177.6000000000004
85.88326824903488,2552.4,572.3,1980.1000000000001
86.03892266352972,2668.7,623.0,2045.6999999999998
86.19388129711152,2696.3,591.9,2104.4
86.3449717839559,2476.3,566.4,1909.9
86.49359951814016,2576.7,551.7,2024.9999999999998
86.64411042133968,2128.9,533.3,1595.6000000000001
86.79607842763265,2095.2,535.8,1559.3999999999999
86.94769719044368,2144.1,563.0,1581.1
87.10054225126902,2486.1,605.9,1880.1999999999998
87.2502274831136,2581.9,559.9,2022.0
87.40091307957967,4672.3,1169.5,3502.8
87.55022583405177,7043.9,1090.9,5953.0
87.70475305318833,7906.5,1091.7,6814.8
87.86179477373759,7891.2,1089.1,6802.1
88.01209324200948,7981.2,1082.4,6898.799999999999
88.16157406568527,7844.5,1081.2,6763.3
88.311188185215,8077.7,1075.8,7001.9
88.46252123514812,7960.5,1073.6,6886.9
88.61098104317983,7902.4,1083.4,6819.0
88.76142741044363,8114.6,1095.0,7019.6
88.91148603757223,8119.2,1097.6,7021.6
89.06192201375961,8078.8,1059.4,7019.4
89.21051482756933,8074.2,1085.3,6988.9
89.36335487365723,8058.2,1094.3,6963.9
89.51504790782928,8334.9,1082.1,7252.799999999999
89.6643716176351,8353.8,1096.3,7257.499999999999
89.81445515950521,8366.6,1073.3,7293.3
89.96697551012039,8408.3,1077.2,7331.099999999999
90.11684424479803,8360.8,1071.3,7289.499999999999
90.26603171825408,8329.7,1076.2,7253.500000000001
90.4161430756251,8378.7,1074.0,7304.700000000001
90.56712835629781,8357.2,1065.4,7291.800000000001
90.71722188393275,8387.7,1074.2,7313.500000000001
90.8689980785052,8432.5,1108.6,7323.9
91.0224513967832,8458.1,1108.1,7350.0
91.17221829891204,8500.8,1078.5,7422.299999999999
91.3210824807485,8434.2,1084.4,7349.800000000001
91.47223805983862,8351.7,1078.4,7273.300000000001
91.62559965451558,8425.5,1095.9,7329.6
91.77988798618317,8380.2,1108.6,7271.6
91.93680121103922,8407.4,1088.4,7319.0
92.09129640658696,8304.9,1087.2,7217.7
92.24283242623011,8476.1,1079.5,7396.6
92.3928179383278,8557.4,1078.6,7478.799999999999
92.54365181128183,8458.6,1073.7,7384.900000000001
92.69677312374115,8488.1,1096.5,7391.6
92.8509258667628,8528.1,1059.5,7468.6
93.00508402585983,8463.5,1076.3,7387.2
93.15532290538152,8614.0,1084.0,7530.0
93.30548094113668,8738.4,1064.8,7673.599999999999
93.46280424992243,8723.1,1077.6,7645.5
93.61772276560465,8706.5,1099.7,7606.8
93.76920513709386,8643.3,1101.9,7541.4
93.92313012282054,8640.1,1077.1,7563.0
94.07586385409037,8731.3,1078.3,7652.999999999999
94.22767984469732,8728.4,1072.4,7656.0
94.38030951420465,8655.6,1071.3,7584.3
94.53152149915695,8663.2,1084.5,7578.700000000001
94.68602117697398,8700.8,1075.2,7625.599999999999
94.83680166800816,8682.8,1074.7,7608.099999999999
94.99057165384292,8700.1,1058.4,7641.700000000001
95.14375310341516,8647.9,1083.8,7564.099999999999
95.29633442163467,8608.7,1072.0,7536.700000000001
95.45061974128087,8534.1,1074.8,7459.3
95.60152301390966,8661.1,1093.6,7567.5
95.75401900609334,8700.6,1084.2,7616.400000000001
95.90620619455973,8739.1,1072.5,7666.6
96.06476619243622,8742.1,1075.7,7666.400000000001
96.21818749904632,8749.5,1081.1,7668.4
96.37365466753641,8671.4,1086.5,7584.9
96.52895237604777,8695.4,1073.7,7621.7
96.68324152231216,8644.3,1063.3,7580.999999999999
96.83539190689723,8711.3,1066.3,7644.999999999999
96.98992639780045,8618.2,1084.2,7534.000000000001
97.14366825819016,8668.2,1076.2,7592.000000000001
97.2986541390419,8717.2,1081.9,7635.300000000001
97.45385247071584,8756.6,1083.8,7672.8
97.6094790259997,8801.8,1079.7,7722.099999999999
97.76312911113104,8810.5,1084.5,7726.0
97.91830847263336,8820.3,1077.5,7742.799999999999
98.0724419315656,8781.5,1084.9,7696.6
98.22514231204987,8733.2,1083.5,7649.700000000001
98.37870634396872,8775.6,1080.3,7695.3
98.53337227900823,8806.7,1089.6,7717.1
98.6883729259173,8807.1,1068.1,7739.0
98.84277822176615,8834.2,1070.9,7763.300000000001
98.99679644107819,8859.1,1081.6,7777.5
99.14992445309957,8878.9,1090.5,7788.4
99.30311123132705,8766.1,1082.7,7683.400000000001
99.45977659622828,8787.2,1069.8,7717.400000000001
99.6175544142723,8670.1,1090.0,7580.1
99.77332954804102,8780.3,1082.4,7697.9
99.92657494147619,9087.2,1087.4,7999.800000000001
100.08225099245708,8762.7,1071.1,7691.6
100.24112157424291,8772.2,1076.7,7695.500000000001
100.39661130507787,8845.9,1079.2,7766.7
100.55118132829666,8708.3,1095.5,7612.799999999999
100.7066863656044,8759.8,1068.8,7690.999999999999
100.86201135317485,8671.4,1091.6,7579.799999999999
101.02003761529923,8653.3,1077.5,7575.799999999999
101.1752884308497,8776.3,1078.5,7697.799999999999
101.3304717818896,8795.6,1082.0,7713.6
101.48562069336573,8973.0,1081.1,7891.9
101.64027469952902,8943.9,1067.5,7876.4
101.79748856226603,9136.0,1069.8,8066.2
101.95585070053737,9095.5,1068.1,8027.4
102.11555935144425,9087.7,1078.5,8009.200000000001
102.27534492015839,9084.6,1095.7,7988.900000000001
102.44857895374298,9025.4,1078.7,7946.7
102.60503782828648,9085.0,1082.8,8002.2
102.76018176476161,9001.2,1075.1,7926.1
102.91603949864705,9064.1,1056.3,8007.8
103.07262259324392,9077.4,1083.6,7993.799999999999
103.22710922956466,9134.3,1082.7,8051.599999999999
103.38398278156916,9164.3,1073.6,8090.699999999999
103.53982429901758,9164.8,1076.8,8087.999999999999
103.7009536186854,9110.4,1066.7,8043.7
103.8620689590772,8978.2,1071.4,7906.800000000001
104.02003268400829,9013.1,1082.4,7930.700000000001
104.17854695717493,8971.3,1091.2,7880.099999999999
104.33479864199957,8911.6,1080.3,7831.3
104.49295212825139,9008.2,1079.8,7928.400000000001
104.6499683022499,9005.4,1084.7,7920.7
104.80585360527039,9020.5,1069.5,7951.0
104.96571785608927,8959.2,1068.2,7891.000000000001
105.12527844905853,8945.5,1064.4,7881.1
105.28320254087448,9094.4,1078.5,8015.9
105.44365379810333,9153.9,1065.9,8088.0
105.60005805095037,9058.5,1072.9,7985.6
105.75781047741572,9066.3,1075.9,7990.4
105.91735182205836,9047.4,1075.9,7971.5
106.07638880809148,9044.6,1076.8,7967.8
106.23910789092382,8949.0,1090.8,7858.2
106.39707624117533,8944.8,1087.6,7857.199999999999
106.55479394992193,9006.0,1078.5,7927.5
106.712752755483,8950.7,1061.0,7889.700000000001
106.87261290550232,8991.4,1079.0,7912.4
107.03123009602228,8990.5,1064.7,7925.8
107.19222476879756,8972.2,1074.6,7897.6
107.3499983827273,9036.3,1080.2,7956.099999999999
107.50722297430039,9033.6,1075.2,7958.400000000001
107.66483005285264,8970.6,1060.6,7910.0
107.82245566844941,9036.7,1076.4,7960.300000000001
107.98092332283656,9028.3,1088.4,7939.9
108.13905324935914,8935.6,1085.4,7850.200000000001
108.29831731319427,9044.5,1066.7,7977.8
108.45785741011302,9060.5,1063.3,7997.2
108.62528669039408,8944.3,1071.5,7872.799999999999
108.78894699414572,9020.1,1080.2,7939.900000000001
108.94728778998056,9016.3,1097.1,7919.199999999999
109.10581412712733,9041.9,1079.2,7962.7
109.2645552277565,8998.1,1054.9,7943.200000000001
109.422725101312,9092.0,1075.2,8016.8
109.58215075731277,9004.3,1085.0,7919.299999999999
109.7429987668991,9001.5,1088.6,7912.9
109.90418869654337,9033.5,1081.1,7952.4
110.06444384654363,9073.1,1090.3,7982.8
110.22427668968837,9078.4,1084.8,7993.599999999999
110.38315961758296,9045.4,1065.4,7980.0
110.54912432829539,9036.3,1087.2,7949.099999999999
110.71373671690623,9036.3,1081.8,7954.499999999999
110.87968759934107,9078.3,1066.8,8011.499999999999
111.05037027200063,9050.3,1083.2,7967.099999999999
111.2149835149447,9029.0,1065.8,7963.2
111.38353909651438,8990.3,1082.7,7907.599999999999
111.55536046028138,9043.2,1081.1,7962.1
111.72229412396749,9150.4,1083.7,8066.7
111.891281970342,9110.3,1052.5,8057.799999999999
112.06418786843618,9124.2,1092.5,8031.700000000001
112.23255231777827,9196.1,1081.5,8114.6
112.3929569999377,9088.1,1077.4,8010.700000000001
112.55955840349198,9101.9,1068.8,8033.099999999999
112.72346326510112,9106.3,1075.1,8031.199999999999
112.88369499444961,9190.7,1081.2,8109.500000000001
113.04637674490611,9130.9,1058.2,8072.7
113.20903863509496,9108.3,1066.7,8041.599999999999
113.37516919771831,9068.8,1066.9,8001.9
